Word,Count
*,1050
,405
the,391
servlet,168
if,163
\,\,159
a,132
request,128
error,127
@param,127
in,127
occurs,126
response,126
@throws,126
),118
=,117
and,98
for,75
FROM,75
show,72
an,72
new,72
+,69
now,69
join,68
to,66
\user,\,66
(,66
THen,66
HTTP,65
servlet-specific,63
IOException,63
I/O,63
ServletException,63
BY,62
of,61
is,60
WHERE,58
},57
SELECT,51
line,48
on,46
-,45
../sass/lightbox.sass,44
String,44
method,44
AS,43
<code>GET</code>,42
<code>POST</code>,42
Handles,42
`order_id`,42
`product_name`,42
methods,42
description,42
this,40
\"\\,39
LIKE,38
{,38
AND,37
`ordered_On`,36
response);,35
`order`,35
`product-name`,34
|,33
change,33
THE,32
editor,31
open,31
choose,31
Templates,31
Tools,31
\template,\,31
@author,31
template,31
To,31
\processRequest(request,\,29
This,28
`sales`,28
GROUP,28
JOIN,28
order,28
here,28
use,27
`tags`,26
----------------------------------------------------------------------------------------------------,26
`product_quantity`,26
both,26
Type,26
your,26
table,26
left,25
Div,24
==,24
alert,24
`products`,24
Draw,24
background:,24
page,23
following,23
code,23
data,23
USING,22
@return,22
INNER,22
or,22
Returns,21
requests,21
may,21
\code."\>\,21
`status`,21
short,21
sample,21
Click,21
<editor-fold,21
TODO,21
\desc="\HttpServlet\,21
</editor-fold>,21
chirag,21
You,21
edit,21
\defaultstate="\collapsed"\\,21
sign,21
output,21
Processes,21
containing,21
ORDER,20
0,20
CSS,20
Dont,20
\("\\,20
The,18
`sold_on`,18
else,18
o,18
`product_price`,18
Copyright,18
under,18
jQuery,18
from,18
box,18
s,18
not,17
SUM(,16
<li><a,16
\"\);\,16
out.println,16
DAY(,16
DESC,16
GPL,16
SET,16
by,16
\#026A84,#00AAC9);\,16
price,16
product,16
border,16
2,15
user,15
that,15
id,15
:,14
session,14
\2011,\,14
>>,14
||,14
licensed,14
licenses,14
`product_id`,14
MIT,14
`images`,14
Dual,14
'%g%',14
caption,14
with,13
SQL,13
i,13
`price`,13
Table,13
email,13
\"\;\,13
#444;,12
STATUS,12
On,12
set,12
\"\SELECT\,12
table%>,12
font-size:,12
DAY,12
ITEMS,12
`sales_id`,12
Version,12
17px;,12
all,12
do,12
BUT,12
same,12
UPDATE,12
#--->,12
http://jquery.org/license,12
=4,12
Retrieves,12
SOLD,12
(int,12
From,12
II,12
`saikiran,12
'2012-11%',12
`purchase_date`,12
\next.attr('disabled',\,12
Category,12
inset,12
DATE(,12
2px,12
\1],\,12
30px;,12
#,12
padding:,12
o.`user_id`,12
Document,12
0px,12
Data,12
options,12
New,12
Order,12
`total_order_price`,12
I,12
box-shadow:,12
--------------------------------------------------------,11
0;,11
structure,11
Dumping,11
INTO,11
-----location.reload();,10
\"\<br/>"\+company_name+\,10
DELETE,10
location.reload();,10
Company,10
\out.println("\<br/>"\+product_id+\,10
\"\<br/>"\+summary+\,10
1.8.18,10
product-name,10
sub-category-name,10
product_id,10
image-id,10
\"\<br/>"\+product_name+\,10
category-name,10
Columns,10
\"\<br/>"\+sub_category_name+\,10
VALUES,10
image-name,10
\"\<br/>"\+price+\,10
AUTHORS.txt,10
summary,10
important,10
company-name,10
solds,10
\"\<br/>"\+image_name);\,10
\"\<br/>"\+category_name+\,10
it,10
16,10
UI,10
(http://jqueryui.com/about),10
null,10
i++){,9
are,9
i<,9
1,9
image,8
be,8
COUNT(,8
Chirag,8
select,8
ease-in-out;,8
approved,8
API,8
OF,8
Space,8
Set,8
For,8
Product,8
USER,8
\chart,\,8
category,8
Visualization,8
wrong,8
IN,8
#026A84);,8
NOW(,8
Show,8
\Inserted"\);\,8
<,8
\-webkit-linear-gradient(top,\,8
#000;,8
7px,8
will,8
\out.println("\<br/>Sold\,8
Pricing,8
p,8
Effects,8
\:"\+soldOnPendingTemp.get(i));\,8
`product_qty`,8
color,8
i=,8
sql,8
\-moz-linear-gradient(top,\,8
`address`,7
`shippers_name`,7
INSERT,7
\"\"\\,7
!40101,7
index,7
'approved',7
ID,7
No,7
into,7
message,7
\("\Aargh\,6
was,6
Create,6
\set,\,6
name,6
NULL,6
\"\+data);\,6
true);,6
products,6
Depends:,6
draws,6
TABLE,6
transparent,6
\"\GROUP\,6
redirect,6
}else,6
SubCategory,6
Grid,6
\"\INNER\,6
Lightbox,6
but,6
PRODUCT,6
have,6
text,6
\("\Ok\,6
IE,6
because,6
`mobile_number`,6
add,6
false);,6
Reset,6
Global,6
sets,6
Exception,6
+getCategory);,6
return,6
bean,6
//alert,6
has,6
width,6
jquery.effects.core.js,6
quantity,6
\"\+ex);\,6
list,6
`expenses`,6
`category-name`,6
\+"\\,6
Supplies</a></li>,6
at,6
as,6
\"\USING\,6
);,6
\solds,\,6
font,6
\null,\,5
some,5
occoured,5
try,5
then,5
get,5
exsts,5
passwotd,5
GET,5
ask,5
exists,5
'Assassins,5
Step,5
CHANGE,5
\"\INSERT\,5
(NULL,5
oreders,5
\response.sendRedirect("\/saikiranBookstoreApp/index.jsp"\);\,5
3,5
pending,5
PASSWORD,5
which,5
PENDING,5
follows,4
priceApproved,4
\out.println("\Pending:\,4
c=f(this).val();return,4
Retrieve,4
chart,4
d=a&&typeof,4
\d=f.ajaxSetup({},c),e=d.context||d,g=e!==d&&(e.nodeType||e\,4
'2012-1%',4
2){,4
\q=0.01"\:"\"\):d.accepts["\*"\]);for(u\,4
\out.print("\]);"\);\,4
requires,4
\this.animate(b,a,c,d)}}),f.extend({speed:function(a,b,c){var\,4
\"\+pricePending.get(i));\,4
\a,b=f.css(this.elem,this.prop);return\,4
SHOW,4
passing,4
\-moz-linear-gradient(top,#00AAC9,\,4
\c=="\object"\&&(c=f.param(c,f.ajaxSettings.traditional),h="\POST"\));var\,4
(PID),4
\file="\includesPage/_topLogin.jsp"\\,4
Sub-category,4
`lastUpdated`,4
ERROR,4
hex,4
\e=a.indexOf("\\,4
title,4
\h=c.xhr(),i,j;c.username?h.open(c.type,c.url,c.async,c.username,c.password):h.open(c.type,c.url,c.async);if(c.xhrFields)for(j\,4
2],4
\pendingOrderDate,\,4
ajaxSuccess,4
b;if(s<2)for(b,4
\json"\]=function(){g||f.error(h+"\\,4
ajaxStop,4
Seriator,4
loaded,4
\'%"\+searches[i]+"\%'\,4
\purchaseDate,\,4
ex);,4
\:"\+soldOn.get(i));\,4
\d=[],e=function(a,b){b=f.isFunction(b)?b():b,d[d.length]=encodeURIComponent(a)+"\="\+encodeURIComponent(b)};c===b&&(c=f.ajaxSettings.traditional);if(f.isArray(a)||a.jquery&&!f.isPlainObject(a))f.each(a,function(){e(this.name,this.value)});else\,4
Google,4
<br/>,4
ce=a.ActiveXObject?function(){for(var,4
]);,4
row,4
#buy,4
ajaxComplete,4
\f.grep(f.timers,function(b){return\,4
IE6,4
--------------SQL2,4
int,4
'pending',4
pie,4
\out.println("\Priced\,4
Uses,4
{searchbar:searchbar});,4
\"\+priceDelivered.get(i));\,4
instantiates,4
\out.println("\Expense\,4
\['Computers',\,4
\3],\,4
start,4
d=typeof,4
\f.get(a,b,c,"\script"\)},getJSON:function(a,b,c){return\,4
\out.println(session.getAttribute("\user"\));\,4
\cg)cg[a](0,1)}:!1,cf=0,cg;f.ajaxSettings.xhr=a.ActiveXObject?function(){return!this.isLocal&&ch()||ci()}:ch,function(a){f.extend(f.support,{ajax:!!a,cors:!!a&&"\withCredentials"\in\,4
\a=="\boolean"\;f.isFunction(a)&&f.isFunction(b)?this._toggle.apply(this,arguments):a==null||d?this.each(function(){var\,4
Try,4
elements,4
\out.println("\There\,4
User.getUserEmail());,4
sure,4
5px,4
\jsonp"\,function(b,c,d){var\,4
this;var,4
css,4
stylesheet,4
h(a){return,4
\e=f.speed(b,c,d);if(f.isEmptyObject(a))return\,4
\a})}(f.ajaxSettings.xhr()),f.support.ajax&&f.ajaxTransport(function(c){if(!c.crossDomain||f.support.cors){var\,4
\application/x-ecmascript"\},contents:{script:/javascript|ecmascript/},converters:{"\text\,4
\out.println("\<br/><br/><br/>"\);\,4
solid,4
\a){g=f.camelCase(i),i!==g&&(a[g]=a[i],delete\,4
package,4
\g=a.slice(e,a.length);a=a.slice(0,e)}var\,4
productBean.getCategory(),4
\f.ajax({type:c,url:a,data:d,success:e,dataType:g})}}),f.extend({getScript:function(a,c){return\,4
font-weight:,4
\("\fdvgf"\);\,4
All,4
\html"\:!0,"\text\,4
\a}}}),f.ajaxPrefilter("\script"\,function(a){a.cache===b&&(a.cache=!1),a.crossDomain&&(a.type="\GET"\,a.global=!1)}),f.ajaxTransport("\script"\,function(a){if(a.crossDomain){var\,4
\d.duration=="\number"\?d.duration:d.duration\,4
password,4
`company-name`,4
#EXPENSES,4
Headings,4
pricePending,4
#------------------------------------,4
height,4
Make,4
\this},_toggle:f.fn.toggle,toggle:function(a,b,c){var\,4
Load,4
delivered,4
-moz-transition:.3s,4
\this},getAllResponseHeaders:function(){return\,4
------------SQL1,4
\"\);if(e>=0){var\,4
\d.headers)v.setRequestHeader(u,d.headers[u]);if(d.beforeSend&&(d.beforeSend.call(e,v,d)===!1||s===2)){v.abort();return!1}for(u\,4
\d,e;if(a||a===0)return\,4
no,4
\this},hide:function(a,b,c){if(a||a===0)return\,4
\"\+priceExpense.get(i));\,4
10px,4
exist,4
\a=this[0],b=this.offsetParent(),c=this.offset(),d=cx.test(b[0].nodeName)?{top:0,left:0}:b.offset();c.top-=parseFloat(f.css(a,"\marginTop"\))||0,c.left-=parseFloat(f.css(a,"\marginLeft"\))||0,d.top+=parseFloat(f.css(b[0],"\borderTopWidth"\))||0,d.left+=parseFloat(f.css(b[0],"\borderLeftWidth"\))||0;return{top:c.top-d.top,left:c.left-d.left}},offsetParent:function(){return\,4
Elements,4
\out.println("\login\,4
\v},param:function(a,c){var\,4
\d=f.css(a,"\position"\);d==="\static"\&&(a.style.position="\relative"\);var\,4
\this},abort:function(a){a=a||"\abort"\,p&&p.abort(a),w(0,a);return\,4
Callback,4
`products`.`product_id`,4
\a=this.offsetParent||c.body;while(a&&!cx.test(a.nodeName)&&f.css(a,"\position"\)==="\static"\)a=a.offsetParent;return\,4
\("\"\+sqlSearch);\,4
null;if(b===b.ownerDocument.body)return,4
Check,4
\-webkit-linear-gradient(top,#00AAC9,\,4
Extra,4
for(var,4
Fetch,4
\this},serialize:function(){return\,4
\this.each(e.complete,[!1]);a=f.extend({},a);return\,4
\application/javascript,\,4
\j,k,l,m,n;try{if(d&&(e||h.readyState===4)){d=b,i&&(h.onreadystatechange=f.noop,ce&&delete\,4
callback,4
result,4
product-company,4
you,4
Image,4
wrap,4
\f.param(this.serializeArray())},serializeArray:function(){return\,4
17px,4
a===b.elem}).length});var,4
\"\),function(a,b){f.fn[b]=function(a){return\,4
\['Games',\,4
Date:,4
\c.xhrFields)h[j]=c.xhrFields[j];c.mimeType&&h.overrideMimeType&&h.overrideMimeType(c.mimeType),!c.crossDomain&&!e["\X-Requested-With"\]&&(e["\X-Requested-With"\]="\XMLHttpRequest"\);try{for(j\,4
\response.sendRedirect("\/MyCartApplication/"\);\,4
\b?b.using.call(a,k):e.css(k)}},f.fn.extend({position:function(){if(!this[0])return\,4
\b=a[v.status],v.then(b,b)}return\,4
\f.expando+"\_"\+cc++}}),f.ajaxPrefilter("\json\,4
instanceof,4
\$('#loadSearches').load('findProductLoad.jsp',\,4
\a=="\object"\?f.extend({},a):{complete:c||!c&&b||f.isFunction(a)&&a,duration:a,easing:c&&b||b&&!f.isFunction(b)&&b};d.duration=f.fx.off?0:typeof\,4
\38,\,4
\this},fadeTo:function(a,b,c,d){return\,4
soldOnPendingTemp.size();,4
LightboxOptions,4
\['Electronics',\,4
\json"\:f.parseJSON,"\text\,4
soldOn.size();,4
insert,4
`sub-category-name`,4
priceDelivered,4
corner,4
ajaxError,4
\a)b_(g,a[g],c,e);return\,4
\c=a.toLowerCase();a=m[c]=m[c]||a,l[a]=b}return\,4
-moz-box-shadow:,4
\out.print("\data.addRows(["\);\,4
\script"\:function(a){f.globalEval(a);return\,4
@include,4
data.addRows([,4
populates,4
button,4
#buy:active,4
%>,4
our,4
problem,4
//,4
this.map(function(){var,4
sold,4
\"\"\){\,4
productBean.getSubcategory(),4
prices,4
`summary`,4
2011,4
'XPS,4
\e)h.setRequestHeader(j,e[j])}catch(k){}h.send(c.hasContent&&c.data||null),d=function(a,e){var\,4
\called"\);return\,4
-webkit-transition:.3s,4
\d;return{send:function(e,g){var\,4
piechart,4
\s===2?n:null},getResponseHeader:function(a){var\,4
reset,4
delete,4
OR,4
\cc=f.now(),cd=/(\=)\?(&|$)|\?\?/i;f.ajaxSetup({jsonp:"\callback"\,jsonpCallback:function(){return\,4
expense,4
creates,4
\ajaxSend"\.split("\\,4
\a)j[b]=[j[b],a[b]];else\,4
style='position:absolute;top:0;left:0;margin:0;border:5px,4
'%ass%',4
draw,4
`expenses_id`,4
\approvedOrderDate,\,4
Instantiate,4
\application/ecmascript,\,4
size,4
run,4
file,4
null;var,4
this.elements?f.makeArray(this.elements):this}).filter(function(){return,4
-webkit-box-shadow:,4
#---------------------------------------,4
HTML5,4
this.elem[this.prop];var,4
browsers,4
license,4
\text"\:a.String,"\text\,4
top,4
field,4
we,4
g,4
\out.println("\Delivered:\,4
author,4
\['Books',\,4
\c===b?null:c},overrideMimeType:function(a){s||(d.mimeType=a);return\,4
\g,h=b.jsonpCallback=f.isFunction(b.jsonpCallback)?b.jsonpCallback():b.jsonpCallback,i=a[h],j=b.url,k=b.data,l="\$1"\+h+"\$2"\;b.jsonp!==!1&&(j=j.replace(cd,l),b.url===j&&(e&&(k=k.replace(cd,l)),b.data===k&&(j+=(/\?/.test(j)?"\&"\:"\?"\)+b.jsonp+"\="\+h))),b.url=j,b.data=k,a[h]=function(a){g=[a]},d.always(function(){a[h]=i,g&&f.isFunction(i)&&a[h](g[0])}),b.converters["\script\,4
\['Apprale',\,4
'delivered',4
productBean.getTags(),4
passes,4
selected,4
\d,e=c.head||c.getElementsByTagName("\head"\)[0]||c.documentElement;return{send:function(f,g){d=c.createElement("\script"\),d.async="\async"\,a.scriptCharset&&(d.charset=a.scriptCharset),d.src=a.url,d.onload=d.onreadystatechange=function(a,c){if(c||!d.readyState||/loaded|complete/.test(d.readyState))d.onload=d.onreadystatechange=null,e&&d.parentNode&&e.removeChild(d),d=b,c||g(200,"\success"\)},e.insertBefore(d,e.firstChild)},abort:function(){d&&d.onload(0,1)}}}});var\,4
`sub-category`,4
one,4
~,4
when,4
us,4
#-------------------------------------------,4
\text/xml"\,html:"\text/html"\,text:"\text/plain"\,json:"\application/json,\,4
\this.each(function(b){f.offset.setOffset(this,a,b)});if(!b||!b.ownerDocument)return\,4
iSSUED,4
enterprises`.`expenses`,4
\'2',\,4
\out.println("\Approoved\,4
Text,4
affected,4
#buy:hover,4
\e=f(a),g=e.offset(),h=f.css(a,"\top"\),i=f.css(a,"\left"\),j=(d==="\absolute"\||d==="\fixed"\)&&f.inArray("\auto"\,[h,i])>-1,k={},l={},m,n;j?(l=e.position(),m=l.top,n=l.left):(m=parseFloat(h)||0,n=parseFloat(i)||0),f.isFunction(b)&&(b=b.call(a,c,g)),b.top!=null&&(k.top=b.top-g.top+m),b.left!=null&&(k.left=b.left-g.left+n),"\using"\in\,4
\deliveredOrderDate,\,4
\g[0]},b.dataTypes[0]="\json"\;return"\script"\}}),f.ajaxSetup({accepts:{script:"\text/javascript,\,4
latest,4
\table,\,4
\a=="\object"\&&(c=a,a=b),c=c||{};var\,4
(data);,4
this.map(function(){return,4
../../../../.rvm/gems/ruby-1.9.2-p290/gems/compass-0.12.1/frameworks/compass/stylesheets/compass/utilities/general/_clearfix.scss,4
\h="\GET"\;c&&(f.isFunction(c)?(d=c,c=b):typeof\,4
\"\+priceApproved.get(i));\,4
THIS,3
passwords,3
\dispacher.forward(request,\,3
there,3
invalid,3
match,3
catch,3
registered,3
sqlInsertProduct,3
less,3
import,3
length,3
`category_name`,3
so,3
being,3
(`category_id`,3
DETAILS,3
remove,3
\dispatchMessage.forward(request,\,3
matching,3
ends,3
\,`category_name`)VALUES\,3
ALL,3
TO,3
cart,3
\Logger.getLogger(buyItems.class.getName()).log(Level.SEVERE,\,3
\'"\+companyName+"\');\,3
Creed',3
`product-company`,3
EARLIER,3
=16,3
database..,3
Else,3
\out.println("\Done!!"\);\,3
find,3
account,3
\response.sendRedirect("\/saikiranBookstoreApp/buyItems.jsp"\);\,3
Approve,3
\out.println("\Please\,3
than,3
1),3
null),3
paasword,3
7,3
SESSION,3
response.sendError(404);,3
User,3
comany,3
such,3
&,3
public,3
`order`.`order_id`,3
\out.println("\A\,3
process,3
enterprises`.`category`,3
Add,3
\specific."\);\,3
value,3
Creative,2
\cg[i]);if(e)h.readyState!==4&&h.abort();else{j=h.status,l=h.getAllResponseHeaders(),m={},n=h.responseXML,n&&n.documentElement&&(m.xml=n);try{m.text=h.responseText}catch(a){}try{k=h.statusText}catch(o){k="\"\}!j&&c.isLocal&&!c.crossDomain?j=m.text?200:404:j===1223&&(j=204)}}}catch(p){e||g(-1,p)}m&&g(j,k,m,l)},!c.async||h.readyState===4?d():(i=++cf,ce&&(cg||(cg={},f(a).unload(ce)),cg[i]=d),h.onreadystatechange=d)},abort:function(){d&&d(0,1)}}}});var\,2
Equals,2
Licensed,2
correct,2
'Games',2
These,2
\`product-company`;"\;\,2
ON,2
yuio,2
IE9,2
\BSD,\,2
'cat';,2
c.documentElement?f.fn.offset=function(a){var,2
\15,\,2
\(sqlUpdateExpenses+"\\,2
qty.removeClass('error');,2
slider,2
valid,2
f.offset.bodyOffset(c);return,2
IS,2
\72,\,2
http://ejohn.org/blog/html5-shiv,2
System.out.print(arr[i]);,2
Delete,2
\this.animate(ct("\hide"\,3),a,b,c);var\,2
entire,2
EXISTING,2
\this[e.queue===!1?"\each"\:"\queue"\](function(){e.queue===!1&&f._mark(this);var\,2
(price.length,2
keeps,2
\a===b?this:this.each(function(b){f.offset.setOffset(this,a,b)});var\,2
jquery.com,2
\h(a,b,c){var\,2
constructor,2
next.click,2
Fade,2
PRODUCTS,2
http://css-tricks.com/ie-fix-bicubic-scaling-for-images,2
\'ghth',\,2
-webkit-small-control,2
shapes,2
checkmark,2
\link,\,2
#000;padding:0;width:1px;height:1px;'><div></div></div><table,2
visit:,2
this.id.indexOf(productId);,2
FOLLOWS,2
background,2
\a},ajaxSettings:{url:bU,isLocal:bI.test(bV[1]),global:!0,type:"\GET"\,contentType:"\application/x-www-form-urlencoded;\,2
\this.animate(cu("\hide"\,3),a,b,c);for(var\,2
like,2
currently,2
=>,2
d.step(a)}var,2
\a=c.body,b=c.createElement("\div"\),d,e,g,h,i=parseFloat(f.css(a,"\marginTop"\))||0,j="\<div\,2
\text/javascript"\,"\*"\:bW},contents:{xml:/xml/,html:/html/,json:/json/},responseFields:{xml:"\responseXML"\,text:"\responseText"\},converters:{"\*\,2
void,2
\39,\,2
hover,2
source,2
halfbyte,2
b=this[0];if(a)return,2
Container,2
Last),2
\out.println("\\,2
\alert("\\,2
\88,\,2
YOu,2
positioning,2
now!,2
Released,2
</div>,2
Thu,2
\bytes)"\+"\<BR>\,2
\d=c.toLowerCase();f.fn["\inner"\+c]=function(){return\,2
category_name,2
price.removeClass('error');,2
\g=0,h=this.length;g<h;g++)d=this[g],d.style&&(e=d.style.display,!f._data(d,"\olddisplay"\)&&e==="\none"\&&(e=d.style.display="\"\),(e==="\"\&&f.css(d,"\display"\)==="\none"\||!f.contains(d.ownerDocument.documentElement,d))&&f._data(d,"\olddisplay"\,cu(d.nodeName)));for(g=0;g<h;g++){d=this[g];if(d.style){e=d.style.display;if(e==="\"\||e==="\none"\)d.style.display=f._data(d,"\olddisplay"\)||"\"\}}return\,2
'scat';,2
more,2
http://docs.jquery.com/UI/Effects/Fade,2
Good,2
\this.on(b,a)}}),f.each(["\get"\,"\post"\],function(a,c){f[c]=function(a,d,e,g){f.isFunction(d)&&(g=g||e,e=d,d=b);return\,2
mac,2
out,2
TODO(jhawkins):,2
`Headings,2
\f.get(a,b,c,"\json"\)},ajaxSetup:function(a,b){b?f.extend(!0,a,f.ajaxSettings,b):(b=a,a=f.extend(!0,f.ajaxSettings,b));for(var\,2
DECREMENT,2
\Cedd',\,2
static,2
Statement,2
\`XHTML,\,2
v1.6.1,2
\g?g[a?"\pageYOffset"\:"\pageXOffset"\]:f.support.boxModel&&g.document.documentElement[d]||g.document.body[d]:e[d]}return\,2
\e=b.contentType==="\application/x-www-form-urlencoded"\&&typeof\,2
buf.append((char),2
2),2
\id="\leftsideNav"\>\,2
enter,2
Karl,2
callback),2
CSS3,2
\95,\,2
http://docs.jquery.com/UI/Effects/Clip,2
&&,2
`user`,2
leaving,2
\out.println("\Application\,2
User.getUserEmail(),2
18:17:42,2
\uploadfile"\+"\<BR>\,2
Shw,2
Move,2
\42,\,2
script,2
\d.join("\&"\).replace(bC,"\+"\)}}),f.extend({active:0,lastModified:{},etag:{}});var\,2
\f)?f(e):f.event,h=f.Deferred(),i=f.Callbacks("\once\,2
showImage,2
stack,2
\class="\grid_3"\>\,2
\memory"\),j=d.statusCode||{},k,l={},m={},n,o,p,q,r,s=0,t,u,v={readyState:0,setRequestHeader:function(a,b){if(!s){var\,2
\try{r=cb(d,w),c="\success"\,o=!0}catch(z){c="\parsererror"\,u=z}}else{u=c;if(!c||a)c="\error"\,a<0&&(a=0)}v.status=a,v.statusText=c,o?h.resolveWith(e,[r,c,v]):h.rejectWith(e,[v,c,u]),v.statusCode(j),j=b,t&&g.trigger("\ajax"\+(o?"\Success"\:"\Error"\),[v,d,o?r:u]),i.resolveWith(e,[v,c]),t&&(g.trigger("\ajaxComplete"\,[v,d]),--f.active||f.event.trigger("\ajaxStop"\))}}typeof\,2
(file,2
ex),2
\f.fx.speeds?f.fx.speeds[d.duration]:f.fx.speeds._default;if(d.queue==null||d.queue===!0)d.queue="\fx"\;d.old=d.complete,d.complete=function(a){f.isFunction(d.old)&&d.old.call(this),d.queue?f.dequeue(this,d.queue):a!==!1&&f._unmark(this)};return\,2
lead,2
(summary.attr('value').length,2
preloadNeigbhoringImages,2
(c),2
away,2
(display:,2
\out.println(companyName+"\\,2
IE7:,2
qty.css(),2
f.support.boxModel&&j||i.body&&i.body[d]||j}if(a.nodeType===9){i=a.documentElement;if(i[d]>=i[e])return,2
\e.animatedProperties)e.animatedProperties[g]!==!0&&(c=!1);if(c){e.overflow!=null&&!f.support.shrinkWrapBlocks&&f.each(["\"\,"\X"\,"\Y"\],function(a,b){d.style["\overflow"\+b]=e.overflow[a]}),e.hide&&f(d).hide();if(e.hide||e.show)for(var\,2
v1.4.5,2
\try{r=cb(d,x),w="\success"\,o=!0}catch(A){w="\parsererror"\,u=A}}else{u=w;if(!w||a)w="\error"\,a<0&&(a=0)}v.status=a,v.statusText="\"\+(c||w),o?h.resolveWith(e,[r,w,v]):h.rejectWith(e,[v,w,u]),v.statusCode(j),j=b,t&&g.trigger("\ajax"\+(o?"\Success"\:"\Error"\),[v,d,o?r:u]),i.fireWith(e,[v,w]),t&&(g.trigger("\ajaxComplete"\,[v,d]),--f.active||f.event.trigger("\ajaxStop"\))}}typeof\,2
doc,2
overlap,2
a)k=new,2
15:04:36,2
using,2
want,2
Commons,2
<svg>,2
sql_getCompany,2
\a},swing:function(a){return-Math.cos(a*Math.PI)/2+.5}},timers:[],fx:function(a,b,c){this.options=b,this.elem=a,this.prop=c,b.orig=b.orig||{}}}),f.fx.prototype={update:function(){this.options.step&&this.options.step.call(this.elem,this.now,this),(f.fx.step[this.prop]||f.fx.step._default)(this)},cur:function(){if(this.elem[this.prop]!=null&&(!this.elem.style||this.elem.style[this.prop]==null))return\,2
Book';#,2
boxes,2
specificity,2
\in{success:1,error:1,complete:1})v[u](d[u]);p=bZ(bT,d,c,v);if(!p)w(-1,"\No\,2
hasLayout,2
opacity,2
\a},ajaxSettings:{url:bW,isLocal:bK.test(bX[1]),global:!0,type:"\GET"\,contentType:"\application/x-www-form-urlencoded"\,processData:!0,async:!0,accepts:{xml:"\application/xml,\,2
database,2
WANT,2
CURRENT,2
\v2',\,2
Scale,2
http://www.lokeshdhakar.com,2
\this.filter("\:hidden"\).css("\opacity"\,0).show().end().animate({opacity:b},a,c,d)},animate:function(a,b,c,d){function\,2
\'dcdcdcdcdcdcdcdc',\,2
Fuchs(mir.aculo.us),2
CREATE,2
\this.each(function(){g=cy(this),g?g.scrollTo(a?f(g).scrollLeft():c,a?c:f(g).scrollTop()):this[d]=c})}}),f.each(["\Height"\,"\Width"\],function(a,c){var\,2
Authors,2
\d.data!="\string"\&&(d.data=f.param(d.data,d.traditional)),b$(bU,d,c,v);if(s===2)return!1;t=d.global,d.type=d.type.toUpperCase(),d.hasContent=!bL.test(d.type),t&&f.active++===0&&f.event.trigger("\ajaxStart"\);if(!d.hasContent){d.data&&(d.url+=(bN.test(d.url)?"\&"\:"\?"\)+d.data),k=d.url;if(d.cache===!1){var\,2
Refactor,2
\list-item"\\,2
WebKit,2
\d.data),k=d.url;if(d.cache===!1){var\,2
John,2
used,2
summary.addClass('error');,2
\in{success:1,error:1,complete:1})v[u](d[u]);p=b$(bV,d,c,v);if(!p)w(-1,"\No\,2
\e=b.ownerDocument,g=e.documentElement;if(!c||!f.contains(g,b))return\,2
updateNav,2
spans,2
\out.print("\"\+month+"\\,2
\c+d*a},swing:function(a,b,c,d){return(-Math.cos(a*Math.PI)/2+.5)*d+c}},timers:[],fx:function(a,b,c){this.options=b,this.elem=a,this.prop=c,b.orig=b.orig||{}}}),f.fx.prototype={update:function(){this.options.step&&this.options.step.call(this.elem,this.now,this),(f.fx.step[this.prop]||f.fx.step._default)(this)},cur:function(){if(this.elem[this.prop]!=null&&(!this.elem.style||this.elem.style[this.prop]==null))return\,2
\e.animatedProperties)f.style(d,i,e.orig[i]);e.complete.call(d)}return!1}e.duration==Infinity?this.now=b:(h=b-this.startTime,this.state=h/e.duration,this.pos=f.easing[e.animatedProperties[this.prop]](this.state,h,0,1,e.duration),this.now=this.start+(this.end-this.start)*this.pos),this.update();return!0}},f.extend(f.fx,{tick:function(){for(var\,2
scategory,2
QUERY,2
\this.animate(cu("\show"\,3),a,b,c);for(var\,2
triggered,2
inline),2
false;,2
Override,2
selectors,2
styling,2
\"\+$('#sortBy').attr('value'));\,2
\b=cq||cs(),c=!0,d=this.elem,e=this.options,g,h;if(a||b>=e.duration+this.startTime){this.now=this.end,this.pos=this.state=1,this.update(),e.animatedProperties[this.prop]=!0;for(g\,2
\'Games',\,2
`hits`,2
Genarate,2
a||(a[i]=l[i])}}for(g,2
specified,2
item,2
\d.data!="\string"\&&(d.data=f.param(d.data,d.traditional)),bZ(bS,d,c,v);if(s===2)return!1;t=d.global,d.type=d.type.toUpperCase(),d.hasContent=!bJ.test(d.type),t&&f.active++===0&&f.event.trigger("\ajaxStart"\);if(!d.hasContent){d.data&&(d.url+=(bL.test(d.url)?"\&"\:"\?"\)+d.data,delete\,2
\HTML4,\,2
\g=e.document.documentElement["\client"\+c];return\,2
place,2
productId,2
d=/Y/.test(c);f.fn[a]=function(e){return,2
default,2
*/*;,2
Electronic,2
\"\+bW+"\;\,2
disableKeyboardNav,2
\,bN=/\?/,bO=/<script\b[^<]*(?:(?!<\/script>)<[^<]*)*<\/script>/gi,bP=/^(?:select|textarea)/i,bQ=/\s+/,bR=/([?&])_=[^&]*/,bS=/^([\w\+\.\-]+:)(?:\/\/([^\/?#:]*)(?::(\d+))?)?/,bT=f.fn.load,bU={},bV={},bW,bX;try{bW=e.href}catch(bY){bW=c.createElement("\a"\),bW.href="\"\,bW=bW.href}bX=bS.exec(bW.toLowerCase())||[],f.fn.extend({load:function(a,c,d){if(typeof\,2
\g?"\pageXOffset"\in\,2
Library,2
cancel,2
JavaScript,2
\g=f.css(this[d],"\display"\);g!=="\none"\&&!f._data(this[d],"\olddisplay"\)&&f._data(this[d],"\olddisplay"\,g)}for(d=0;d<e;d++)this[d].style&&(this[d].style.display="\none"\);return\,2
governed,2
\b.complete.call(this);c&&(g==="\height"\||g==="\width"\)&&(b.overflow=[this.style.overflow,this.style.overflowX,this.style.overflowY],f.css(this,"\display"\)==="\inline"\&&f.css(this,"\float"\)==="\none"\&&(!f.support.inlineBlockNeedsLayout||cu(this.nodeName)==="\inline"\?this.style.display="\inline-block"\:this.style.zoom=1))}b.overflow!=null&&(this.style.overflow="\hidden"\);for(i\,2
i[d];return,2
upper,2
\c?{top:c.top,left:c.left}:{top:0,left:0};var\,2
out.print,2
button.css,2
QUANTITY,2
\href="\#"\><strong>Categories</strong></a></li>\,2
\Values"\);\,2
!=,2
\w(a,c,l,m){if(s!==2){s=2,q&&clearTimeout(q),p=b,n=m||"\"\,v.readyState=a?4:0;var\,2
Licenses,2
IE7,2
\i=this;f.ajax({url:a,type:h,dataType:"\html"\,data:c,complete:function(a,b,c){c=a.responseText,a.isResolved()&&(a.done(function(a){c=a}),i.html(g?f("\<div>"\).append(c.replace(bM,"\"\)).find(g):c)),d&&i.each(d,[c,b,a])}});return\,2
!important,2
\response.sendRedirect("\admin_addProduct_2.jsp"\);\,2
\h=f.css(e,d),i=parseFloat(h);return\,2
\out.println("\<li>Form\,2
'5',2
b=this[0];return,2
enable,2
\w(a,c,l,m){if(s!==2){s=2,q&&clearTimeout(q),p=b,n=m||"\"\,v.readyState=a>0?4:0;var\,2
values,2
\this.name&&!this.disabled&&(this.checked||bN.test(this.nodeName)||bH.test(this.type))}).map(function(a,b){var\,2
e.step(a)}var,2
necessary,2
agree,2
allow,2
Peter-Paul,2
\85,\,2
(productBean.getCompany(),2
\62,\,2
Deletion,2
\24,\,2
store,2
\h?h[c]:f.support.boxModel&&h.document.documentElement[e]||h.document.body[e]:a[e];h?h.scrollTo(d?f(h).scrollLeft():g,d?g:f(h).scrollTop()):a[e]=g},a,e,arguments.length,null)}}),f.each({Height:"\height"\,Width:"\width"\},function(a,c){var\,2
\d,e=a.offsetParent,g=a,h=b.body,i=b.defaultView,j=i?i.getComputedStyle(a,null):a.currentStyle,k=a.offsetTop,l=a.offsetLeft;while((a=a.parentNode)&&a!==h&&a!==c){if(f.support.fixedPosition&&j.position==="\fixed"\)break;d=i?i.getComputedStyle(a,null):a.currentStyle,k-=a.scrollTop,l-=a.scrollLeft,a===e&&(k+=a.offsetTop,l+=a.offsetLeft,f.support.doesNotAddBorder&&(!f.support.doesAddBorderForTableAndCells||!cw.test(a.nodeName))&&(k+=parseFloat(d.borderTopWidth)||0,l+=parseFloat(d.borderLeftWidth)||0),g=e,e=a.offsetParent),f.support.subtractsBorderForOverflowNotVisible&&d.overflow!=="\visible"\&&(k+=parseFloat(d.borderTopWidth)||0,l+=parseFloat(d.borderLeftWidth)||0),j=d}if(j.position==="\relative"\||j.position==="\static"\)k+=h.offsetTop,l+=h.offsetLeft;f.support.fixedPosition&&j.position==="\fixed"\&&(k+=Math.max(c.scrollTop,h.scrollTop),l+=Math.max(c.scrollLeft,h.scrollLeft));return{top:k,left:l}},f.fn.offset=function(a){if(arguments.length)return\,2
response.sendError(500);,2
enterprises`.`products`,2
FontFace,2
\(speed,\,2
\51,\,2
\a=f.timers,b=0;b<a.length;++b)a[b]()||a.splice(b--,1);a.length||f.fx.stop()},interval:13,stop:function(){clearInterval(co),co=null},speeds:{slow:600,fast:200,_default:400},step:{opacity:function(a){f.style(a.elem,"\opacity"\,a.now)},_default:function(a){a.elem.style&&a.elem.style[a.prop]!=null?a.elem.style[a.prop]=(a.prop==="\width"\||a.prop==="\height"\?Math.max(0,a.now):a.now)+a.unit:a.elem[a.prop]=a.now}}}),f.expr&&f.expr.filters&&(f.expr.filters.animated=function(a){return\,2
2012,2
Omega,2
\Upton(uptonic.com),\,2
jsp:setProperty,2
http://www.gnu.org/licenses/gpl.html,2
\this.animate(ct("\show"\,3),a,b,c);for(var\,2
f.offset.bodyOffset(b);f.offset.initialize();var,2
wider,2
\Koch(quirksmode.com),\,2
\xml"\:f.parseXML},flatOptions:{context:!0,url:!0}},ajaxPrefilter:bY(bS),ajaxTransport:bY(bT),ajax:function(a,c){function\,2
\o,r,u,w=l?ca(d,v,l):b,x,y;if(a>=200&&a<300||a===304){if(d.ifModified){if(x=v.getResponseHeader("\Last-Modified"\))f.lastModified[k]=x;if(y=v.getResponseHeader("\Etag"\))f.etag[k]=y}if(a===304)c="\notmodified"\,o=!0;else\,2
productBean.getCompany(),2
checking,2
\"\+newSQL);\,2
during,2
Lokesh,2
z}}return,2
Chromium,2
lower),2
Trick,2
subcategory,2
Logged,2
\b,c,d,e=cq||cr(),g=!0,h=this.elem,i=this.options;if(a||e>=i.duration+this.startTime){this.now=this.end,this.pos=this.state=1,this.update(),i.animatedProperties[this.prop]=!0;for(b\,2
</ul>,2
\Transport"\);else{v.readyState=1,t&&g.trigger("\ajaxSend"\,[v,d]),d.async&&d.timeout>0&&(q=setTimeout(function(){v.abort("\timeout"\)},d.timeout));try{s=1,p.send(l,w)}catch(z){status<2?w(-1,z):f.error(z)}}return\,2
\a){h=a[g],f.isArray(h)?(b.animatedProperties[g]=h[1],h=a[g]=h[0]):b.animatedProperties[g]=b.specialEasing&&b.specialEasing[g]||b.easing||"\swing"\;if(h==="\hide"\&&d||h==="\show"\&&!d)return\,2
labels,2
`category`;,2
MultipartFormDataRequest,2
\b=d?a:f(this).is("\:hidden"\);f(this)[b?"\show"\:"\hide"\]()}):this.animate(ct("\toggle"\,3),a,b,c);return\,2
occasionally,2
rectangle,2
Pull,2
\this.filter("\:hidden"\).css("\opacity"\,0).show().end().animate({opacity:b},a,c,d)},animate:function(a,b,c,d){var\,2
DB,2
12,2
products;,2
\out.print("\"\+productId+sqlFetchItems);\,2
\response.sendRedirect("\index.jsp"\);\,2
subcategory_id,2
\',\,2
Class,2
\"\+sql.toString());\,2
\Logger.getLogger(addProduct.class.getName()).log(Level.SEVERE,\,2
price.addClass('error');,2
\112,\,2
=================,2
\bR.apply(this,arguments);if(!this.length)return\,2
http://lokeshdhakar.com/projects/lightbox2/,2
http://www.opensource.org/licenses/mit-license.php,2
Accordingly,2
f.ajaxSettings&&(a[c]=f.ajaxSettings[c]);return,2
offsets,2
sizeContainer,2
v1.7.2,2
\define=="\function"\&&define.amd&&define.amd.jQuery&&define("\jquery"\,[],function(){return\,2
0x0F;,2
#000;padding:0;width:1px;height:1px;',2
If,2
REST,2
Swedberg,2
free,2
\libs,\,2
Artemy,2
recognize,2
\cv(c,d,d.documentElement)},f.offset={bodyOffset:function(a){var\,2
\out.println("\Ok\,2
bought,2
\this.name&&!this.disabled&&(this.checked||bP.test(this.nodeName)||bJ.test(this.type))}).map(function(a,b){var\,2
\a!="\string"\&&bR)return\,2
Multiply,2
Sub-Category,2
outline,2
-0400,2
9;#,2
\'Action-Game',\,2
IE8,2
IMAGES,2
null;if(c===d.body)return,2
\cv,cw=/^t(?:able|d|h)$/i,cx=/^(?:body|html)$/i;"\getBoundingClientRect"\in\,2
increment,2
\d="\scroll"\+c;f.fn[d]=function(c){var\,2
contours,2
\e=b[c];f.removeData(a,c,!0),e.stop(d)}var\,2
\d},easing:{linear:function(a){return\,2
'Assasssins,2
\Phone',\,2
License,2
summary.removeClass('error');,2
\e.document.compatMode==="\CSS1Compat"\&&g||e.document.body["\client"\+c]||g}if(e.nodeType===9)return\,2
\f.isNumeric(l)?l:k}f(a).css(c,h)},c,a,arguments.length,null)}}),a.jQuery=a.$=f,typeof\,2
sub-category_name,2
lightbox,2
higher,2
`image-id`,2
\x=f.now(),y=d.url.replace(bP,"\$1_="\+x);d.url=y+(y===d.url?(bL.test(d.url)?"\&"\:"\?"\)+"\_="\+x:"\"\)}}(d.data&&d.hasContent&&d.contentType!==!1||c.contentType)&&v.setRequestHeader("\Content-Type"\,d.contentType),d.ifModified&&(k=k||d.url,f.lastModified[k]&&v.setRequestHeader("\If-Modified-Since"\,f.lastModified[k]),f.etag[k]&&v.setRequestHeader("\If-None-Match"\,f.etag[k])),v.setRequestHeader("\Accept"\,d.dataTypes[0]&&d.accepts[d.dataTypes[0]]?d.accepts[d.dataTypes[0]]+(d.dataTypes[0]!=="\*"\?"\,\,2
\cw=/^t(?:able|d|h)$/i,cx=/^(?:body|html)$/i;"\getBoundingClientRect"\in\,2
removed,2
\this}}),f.each({slideDown:cu("\show"\,1),slideUp:cu("\hide"\,1),slideToggle:cu("\toggle"\,1),fadeIn:{opacity:"\show"\},fadeOut:{opacity:"\hide"\},fadeToggle:{opacity:"\toggle"\}},function(a,b){f.fn[a]=function(a,c,d){return\,2
sql_getSubCategory,2
`sub-category_name`,2
noticeable,2
\30,\,2
banner,2
long,2
Tregubenko,2
We,2
\xml"\:f.parseXML}},ajaxPrefilter:bZ(bU),ajaxTransport:bZ(bV),ajax:function(a,c){function\,2
\inserted"\);\,2
classes,2
(function,2
`Basic,2
\c,d=b.offsetParent,e=b,g=b.ownerDocument,h=g.documentElement,i=g.body,j=g.defaultView,k=j?j.getComputedStyle(b,null):b.currentStyle,l=b.offsetTop,m=b.offsetLeft;while((b=b.parentNode)&&b!==i&&b!==h){if(f.offset.supportsFixedPosition&&k.position==="\fixed"\)break;c=j?j.getComputedStyle(b,null):b.currentStyle,l-=b.scrollTop,m-=b.scrollLeft,b===d&&(l+=b.offsetTop,m+=b.offsetLeft,f.offset.doesNotAddBorder&&(!f.offset.doesAddBorderForTableAndCells||!cw.test(b.nodeName))&&(l+=parseFloat(c.borderTopWidth)||0,m+=parseFloat(c.borderLeftWidth)||0),e=d,d=b.offsetParent),f.offset.subtractsBorderForOverflowNotVisible&&c.overflow!=="\visible"\&&(l+=parseFloat(c.borderTopWidth)||0,m+=parseFloat(c.borderLeftWidth)||0),k=c}if(k.position==="\relative"\||k.position==="\static"\)l+=i.offsetTop,m+=i.offsetLeft;f.offset.supportsFixedPosition&&k.position==="\fixed"\&&(l+=Math.max(h.scrollTop,i.scrollTop),m+=Math.max(h.scrollLeft,i.scrollLeft));return{top:l,left:m}},f.offset={initialize:function(){var\,2
this.each(function(b){var,2
\f.access(this,function(a,c,h){var\,2
\isNaN(a=parseFloat(b))?!b||b==="\auto"\?0:b:a},custom:function(a,c,d){function\,2
\them..."\);\,2
bold,2
\b.data=="\string"\;if(b.dataTypes[0]==="\jsonp"\||b.jsonp!==!1&&(cd.test(b.url)||e&&cd.test(b.data))){var\,2
FIRE,2
\g=b.body,h=cy(b),i=c.clientTop||g.clientTop||0,j=c.clientLeft||g.clientLeft||0,k=h.pageYOffset||f.support.boxModel&&c.scrollTop||g.scrollTop,l=h.pageXOffset||f.support.boxModel&&c.scrollLeft||g.scrollLeft,m=d.top+k-i,n=d.left+l-j;return{top:m,left:n}}:cv=function(a,b,c){var\,2
sha1hash,2
Dojo,2
\f.fx.speeds?f.fx.speeds[d.duration]:f.fx.speeds._default,d.old=d.complete,d.complete=function(a){d.queue!==!1?f.dequeue(this):a!==!1&&f._unmark(this),f.isFunction(d.old)&&d.old.call(this)};return\,2
Children,2
May,2
Smooth,2
Resig,2
\out.println("\Company\,2
\href="\#"\>Books</a></li>\,2
Includes,2
Content,2
\this},d.url=((a||d.url)+"\"\).replace(bF,"\"\).replace(bK,bV[1]+"\//"\),d.dataTypes=f.trim(d.dataType||"\*"\).toLowerCase().split(bO),d.crossDomain==null&&(r=bQ.exec(d.url.toLowerCase()),d.crossDomain=!(!r||r[1]==bV[1]&&r[2]==bV[2]&&(r[3]||(r[1]==="\http:"\?80:443))==(bV[3]||(bV[1]==="\http:"\?80:443)))),d.data&&d.processData&&typeof\,2
found,2
where,2
\b=d?a:f(this).is("\:hidden"\);f(this)[b?"\show"\:"\hide"\]()}):this.animate(cu("\toggle"\,3),a,b,c);return\,2
ids,2
arraylist,2
Color,2
\e=this,g=f.fx;this.startTime=cq||cr(),this.end=c,this.now=this.start=a,this.pos=this.state=0,this.unit=d||this.unit||(f.cssNumber[this.prop]?"\"\:"\px"\),h.queue=this.options.queue,h.elem=this.elem,h.saveState=function(){f._data(e.elem,"\fxshow"\+e.prop)===b&&(e.options.hide?f._data(e.elem,"\fxshow"\+e.prop,e.start):e.options.show&&f._data(e.elem,"\fxshow"\+e.prop,e.end))},h()&&f.timers.push(h)&&!co&&(co=setInterval(g.tick,g.interval))},show:function(){var\,2
productName.get(id);,2
Thanks,2
student,2
(just,2
sqlBuffer.append(sqlUpdatePending);,2
Makes,2
\d="\client"\+a,e="\scroll"\+a,g="\offset"\+a;f.fn["\inner"\+a]=function(){var\,2
intact,2
\i.animatedProperties)i.animatedProperties[b]!==!0&&(g=!1);if(g){i.overflow!=null&&!f.support.shrinkWrapBlocks&&f.each(["\"\,"\X"\,"\Y"\],function(a,b){h.style["\overflow"\+b]=i.overflow[a]}),i.hide&&f(h).hide();if(i.hide||i.show)for(b\,2
11,2
radius,2
http://docs.jquery.com/UI/Effects/Scale,2
http://docs.jquery.com/UI,2
\'"\+companyName+"\');"\;\,2
\a=f.timers,c=a.length;b||f._unmark(!0,this);while(c--)a[c].elem===this&&(b&&a[c](!0),a.splice(c,1))}),b||this.dequeue();return\,2
v2.05,2
\c==null?null:f.isArray(c)?f.map(c,function(a,c){return{name:b.name,value:a.replace(bG,"\\r\n"\)}}):{name:b.name,value:c.replace(bG,"\\r\n"\)}}).get()}}),f.each("\ajaxStart\,2
\href="\#"\>Games</a></li>\,2
Mar,2
\"\+file.getFileName()+"\\,2
\65,\,2
null;g=cy(e);return,2
\href="\#"\>Art\,2
end,2
\b=f.extend({},e),c=this.nodeType===1,d=c&&f(this).is("\:hidden"\),g,h,i,j,k,l,m,n,o,p,q;b.animatedProperties={};for(i\,2
http://jquery.com/,2
(`company-id`,2
v1.3+,2
`user-details`,2
(and,2
\charset=UTF-8"\,processData:!0,async:!0,accepts:{xml:"\application/xml,\,2
\b=this[0],c;if(a)return\,2
\59,\,2
4,2
\117,\,2
display,2
expenses,2
Attribution,2
\'3',\,2
(unlike,2
a)j=new,2
http://www.yuiblog.com/blog/2010/09/27/clearfix-reloaded-overflowhidden-demystified,2
qty,2
\response.sendRedirect("\/saikiranBookstoreApp/productInsertImages_2.jsp"\);\,2
\c=f(this);c[d](a.call(this,b,c[d]()))});if(f.isWindow(e)){var\,2
tags,2
\text/javascript"\,"\*"\:"\*/*"\},contents:{xml:/xml/,html:/html/,json:/json/},responseFields:{xml:"\responseXML"\,text:"\responseText"\},converters:{"\*\,2
\out.print("\Not\,2
\c.documentElement?cv=function(a,b,c,d){try{d=a.getBoundingClientRect()}catch(e){}if(!d||!f.contains(c,a))return\,2
\81,\,2
\this}};h.promise(v),v.success=v.done,v.error=v.fail,v.complete=i.done,v.statusCode=function(a){if(a){var\,2
p',2
\Math.max(a.body[e],i[e],a.body[g],i[g])}if(h===b){k=f.css(a,c),l=parseFloat(k);return\,2
\"\+year);\,2
help,2
genarate,2
\"\+\,2
Thomas,2
\Arts',\,2
p_name;,2
\'123',\,2
\bT.apply(this,arguments);if(!this.length)return\,2
disappearing,2
\cg[i]);if(e)h.readyState!==4&&h.abort();else{j=h.status,l=h.getAllResponseHeaders(),m={},n=h.responseXML,n&&n.documentElement&&(m.xml=n),m.text=h.responseText;try{k=h.statusText}catch(o){k="\"\}!j&&c.isLocal&&!c.crossDomain?j=m.text?200:404:j===1223&&(j=204)}}}catch(p){e||g(-1,p)}m&&g(j,k,m,l)},!c.async||h.readyState===4?d():(i=++cf,ce&&(cg||(cg={},f(a).unload(ce)),cg[i]=d),h.onreadystatechange=d)},abort:function(){d&&d(0,1)}}}});var\,2
Contents,2
usrname.addClass('error'),2
\b.complete.call(this);c&&(g==="\height"\||g==="\width"\)&&(b.overflow=[this.style.overflow,this.style.overflowX,this.style.overflowY],f.css(this,"\display"\)==="\inline"\&&f.css(this,"\float"\)==="\none"\&&(f.support.inlineBlockNeedsLayout?(j=cv(this.nodeName),j==="\inline"\?this.style.display="\inline-block"\:(this.style.display="\inline"\,this.style.zoom=1)):this.style.display="\inline-block"\))}b.overflow!=null&&(this.style.overflow="\hidden"\);for(i\,2
\b=f.extend({},e),c=this.nodeType===1,d=c&&f(this).is("\:hidden"\),g,h,i,j,k,l,m,n,o;b.animatedProperties={};for(i\,2
(qty.length,2
h=cy(a);if(g===b)return,2
My,2
\'865.77',\,2
generic,2
<=,2
\First,\,2
\d=this,e=f.fx,g;this.startTime=cq||cs(),this.start=a,this.end=b,this.unit=c||this.unit||(f.cssNumber[this.prop]?"\"\:"\px"\),this.now=this.start,this.pos=this.state=0,h.elem=this.elem,h()&&f.timers.push(h)&&!co&&(cr?(co=1,g=function(){co&&(cr(g),e.tick())},cr(g)):co=setInterval(e.tick,e.interval))},show:function(){this.options.orig[this.prop]=f.style(this.elem,this.prop),this.options.show=!0,this.custom(this.prop==="\width"\||this.prop==="\height"\?1:0,this.cur()),f(this.elem).show()},hide:function(){this.options.orig[this.prop]=f.style(this.elem,this.prop),this.options.hide=!0,this.custom(this.cur(),0)},step:function(a){var\,2
){,2
Prefix,2
Sizzle.js,2
Opera,2
\98,\,2
SALES,2
\"\+sql.toString()\,2
\i,j,k,l;if(f.isWindow(a)){i=a.document,j=i.documentElement[d];return\,2
bullets,2
cleanup,2
\d},easing:{linear:function(a,b,c,d){return\,2
\out.println("\you\,2
\out.println("\"\+rs.getString("\product-name"\));\,2
Foundation,2
5,2
implementations,2
id's,2
outline),2
\a[i]),h=a[g],f.isArray(h)?(b.animatedProperties[g]=h[1],h=a[g]=h[0]):b.animatedProperties[g]=b.specialEasing&&b.specialEasing[g]||b.easing||"\swing"\;if(h==="\hide"\&&d||h==="\show"\&&!d)return\,2
\g=0,h=this.length;g<h;g++)d=this[g],d.style&&(e=d.style.display,!f._data(d,"\olddisplay"\)&&e==="\none"\&&(e=d.style.display="\"\),e==="\"\&&f.css(d,"\display"\)==="\none"\&&f._data(d,"\olddisplay"\,cv(d.nodeName)));for(g=0;g<h;g++){d=this[g];if(d.style){e=d.style.display;if(e==="\"\||e==="\none"\)d.style.display=f._data(d,"\olddisplay"\)||"\"\}}return\,2
\href="\#"\>Movies</a></li>\,2
stm=con.createStatement();,2
\a[i]);if((k=f.cssHooks[g])&&"\expand"\in\,2
a==null?null:this;if(f.isFunction(a))return,2
\this[0]?parseFloat(f.css(this[0],d,a?"\margin"\:"\border"\)):null},f.fn[d]=function(a){var\,2
\'123456',\,2
\76,\,2
jquery.org/license,2
a[g];for(i,2
discountedPrice,2
`administrators`,2
\href="\#"\>Office\,2
parse,2
In..,2
(Alpha,2
\103,\,2
\response.sendRedirect("\admin_addProduct_1.jsp"\);\,2
rules,2
c;if(s===2){if(!o){o={};while(c=bG.exec(n))o[c[1].toLowerCase()]=c[2]}c=o[a.toLowerCase()]}return,2
\cellspacing='0'><tr><td></td></tr></table>"\;f.extend(b.style,{position:"\absolute"\,top:0,left:0,margin:0,border:0,width:"\1px"\,height:"\1px"\,visibility:"\hidden"\}),b.innerHTML=j,a.insertBefore(b,a.firstChild),d=b.firstChild,e=d.firstChild,h=d.nextSibling.firstChild.firstChild,this.doesNotAddBorder=e.offsetTop!==5,this.doesAddBorderForTableAndCells=h.offsetTop===5,e.style.position="\fixed"\,e.style.top="\20px"\,this.supportsFixedPosition=e.offsetTop===20||e.offsetTop===15,e.style.position=e.style.top="\"\,d.style.overflow="\hidden"\,d.style.position="\relative"\,this.subtractsBorderForOverflowNotVisible=e.offsetTop===-5,this.doesNotIncludeMarginInBodyOffset=a.offsetTop!==i,a.removeChild(b),f.offset.initialize=f.noop},bodyOffset:function(a){var\,2
right,2
\d?{top:d.top,left:d.left}:{top:0,left:0};var\,2
Uploaded,2
=10,2
semi,2
cellpadding='0',2
http://creativecommons.org/licenses/by/2.5/,2
\b,c=!1,e=f.timers,g=f._data(this);d||f._unmark(!0,this);if(a==null)for(b\,2
boolean,2
'inherit',2
`category`,2
rights,2
(){,2
(userName,2
p_name,2
zoom:1,2
personal,2
qty.addClass('error');,2
separate,2
\f.fx(this,b,i),h=a[i],cm.test(h)?k[h==="\toggle"\?d?"\show"\:"\hide"\:h]():(l=cn.exec(h),m=k.cur(),l?(n=parseFloat(l[2]),o=l[3]||(f.cssNumber[i]?"\"\:"\px"\),o!=="\px"\&&(f.style(this,i,(n||1)+o),m=(n||1)/k.cur()*m,f.style(this,i,m+o)),l[1]&&(n=(l[1]==="\-="\?-1:1)*n+m),k.custom(m,n,o)):k.custom(m,h,"\"\));return!0})},stop:function(a,b){a&&this.queue([]),this.each(function(){var\,2
http://sonspring.com/journal/clearing-floats,2
boundaries,2
------------,2
\27,\,2
Clip,2
g(){e.queue===!1&&f._mark(this);var,2
\href="\#"\>Calculators</a></li>\,2
Gecko,2
\Without,\,2
+`product_qty`,2
build,2
\response.sendRedirect("\admin_addProduct_3.jsp"\);\,2
\d,e,g=0,h=this.length;for(;g<h;g++)d=this[g],d.style&&(e=f.css(d,"\display"\),e!=="\none"\&&!f._data(d,"\olddisplay"\)&&f._data(d,"\olddisplay"\,e));for(g=0;g<h;g++)this[g].style&&(this[g].style.display="\none"\);return\,2
\a!="\string"\&&(d=c,c=a,a=b),c&&a!==!1&&this.queue(a||"\fx"\,[]);return\,2
element,2
individual,2
\`sub-category`;"\;\,2
\opacity,\,2
Resolve,2
\cj={},ck,cl,cm=/^(?:toggle|show|hide)$/,cn=/^([+\-]=)?([\d+.\-]+)([a-z%]*)$/i,co,cp=[["\height"\,"\marginTop"\,"\marginBottom"\,"\paddingTop"\,"\paddingBottom"\],["\width"\,"\marginLeft"\,"\marginRight"\,"\paddingLeft"\,"\paddingRight"\],["\opacity"\]],cq,cr=a.webkitRequestAnimationFrame||a.mozRequestAnimationFrame||a.oRequestAnimationFrame;f.fn.extend({show:function(a,b,c){var\,2
\x=f.now(),y=d.url.replace(bR,"\$1_="\+x);d.url=y+(y===d.url?(bN.test(d.url)?"\&"\:"\?"\)+"\_="\+x:"\"\)}}(d.data&&d.hasContent&&d.contentType!==!1||c.contentType)&&v.setRequestHeader("\Content-Type"\,d.contentType),d.ifModified&&(k=k||d.url,f.lastModified[k]&&v.setRequestHeader("\If-Modified-Since"\,f.lastModified[k]),f.etag[k]&&v.setRequestHeader("\If-None-Match"\,f.etag[k])),v.setRequestHeader("\Accept"\,d.dataTypes[0]&&d.accepts[d.dataTypes[0]]?d.accepts[d.dataTypes[0]]+(d.dataTypes[0]!=="\*"\?"\,\,2
\2012,\,2
\href="\#"\>School\,2
\"\+address);\,2
c,2
\in{context:1,url:1})c\,2
ArrayLists,2
\"\+sqlUpdateProduct);\,2
e=this[0];if(!e)return,2
\name,\,2
sql_getCategory,2
Cannot,2
\g)g[b]&&g[b].stop&&b.indexOf("\.run"\)===b.length-4&&h(this,g,b);else\,2
5){,2
\h=e.body,i=cy(e),j=g.clientTop||h.clientTop||0,k=g.clientLeft||h.clientLeft||0,l=i.pageYOffset||f.support.boxModel&&g.scrollTop||h.scrollTop,m=i.pageXOffset||f.support.boxModel&&g.scrollLeft||h.scrollLeft,n=c.top+l-j,o=c.left+m-k;return{top:n,left:o}}:f.fn.offset=function(a){var\,2
\a=f._data(this.elem,"\fxshow"\+this.prop);this.options.orig[this.prop]=a||f.style(this.elem,this.prop),this.options.show=!0,a!==b?this.custom(this.cur(),a):this.custom(this.prop==="\width"\||this.prop==="\height"\?1:0,this.cur()),f(this.elem).show()},hide:function(){this.options.orig[this.prop]=f._data(this.elem,"\fxshow"\+this.prop)||f.style(this.elem,this.prop),this.options.hide=!0,this.custom(this.cur(),0)},step:function(a){var\,2
f.isNaN(i)?h:i}return,2
showing,2
snippets,2
e=typeof,2
EDT,2
www.google.com/uds';,2
c;if(s===2){if(!o){o={};while(c=bI.exec(n))o[c[1].toLowerCase()]=c[2]}c=o[a.toLowerCase()]}return,2
\"\+category);\,2
\this}};h.promise(v),v.success=v.done,v.error=v.fail,v.complete=i.add,v.statusCode=function(a){if(a){var\,2
\a?a.style?parseFloat(f.css(a,c,"\padding"\)):this[c]():null},f.fn["\outer"\+a]=function(a){var\,2
position,2
\this},d.url=((a||d.url)+"\"\).replace(bH,"\"\).replace(bM,bX[1]+"\//"\),d.dataTypes=f.trim(d.dataType||"\*"\).toLowerCase().split(bQ),d.crossDomain==null&&(r=bS.exec(d.url.toLowerCase()),d.crossDomain=!(!r||r[1]==bX[1]&&r[2]==bX[2]&&(r[3]||(r[1]==="\http:"\?80:443))==(bX[3]||(bX[1]==="\http:"\?80:443)))),d.data&&d.processData&&typeof\,2
info,2
(productBean.getName(),2
a=this[0];return,2
Suffix,2
Search,2
\b=a.offsetTop,c=a.offsetLeft;f.support.doesNotIncludeMarginInBodyOffset&&(b+=parseFloat(f.css(a,"\marginTop"\))||0,c+=parseFloat(f.css(a,"\marginLeft"\))||0);return{top:b,left:c}},setOffset:function(a,b,c){var\,2
\appear,\,2
\isNaN(a=parseFloat(b))?!b||b==="\auto"\?0:b:a},custom:function(a,b,c){function\,2
.radio,2
\f.get(a,b,c,"\json"\)},ajaxSetup:function(a,b){b?b$(a,f.ajaxSettings):(b=a,a=f.ajaxSettings),b$(a,b);return\,2
\a!="\string"\&&bT)return\,2
\,`company-name`)VALUES\,2
bolder,2
\o,r,u,w=c,x=l?ca(d,v,l):b,y,z;if(a>=200&&a<300||a===304){if(d.ifModified){if(y=v.getResponseHeader("\Last-Modified"\))f.lastModified[k]=y;if(z=v.getResponseHeader("\Etag"\))f.etag[k]=z}if(a===304)w="\notmodified"\,o=!0;else\,2
shiv:,2
Input,2
FILL,2
\MIT,\,2
\'EA,\,2
jQuery):,2
>,2
particularly,2
\a})}}),f.each({scrollLeft:"\pageXOffset"\,scrollTop:"\pageYOffset"\},function(a,c){var\,2
\"\display:\,2
<div>,2
=1,2
\i=this;f.ajax({url:a,type:h,dataType:"\html"\,data:c,complete:function(a,b,c){c=a.responseText,a.isResolved()&&(a.done(function(a){c=a}),i.html(g?f("\<div>"\).append(c.replace(bO,"\"\)).find(g):c)),d&&i.each(d,[c,b,a])}});return\,2
they,2
BSD-style,2
WebUI,2
CART,2
this.each(function(){function,2
\f.access(this,function(a,e,g){var\,2
fadeTo,2
Legend,2
rule,2
\d=0,e=this.length;d<e;d++)if(this[d].style){var\,2
enableKeyboardNav,2
\Transport"\);else{v.readyState=1,t&&g.trigger("\ajaxSend"\,[v,d]),d.async&&d.timeout>0&&(q=setTimeout(function(){v.abort("\timeout"\)},d.timeout));try{s=1,p.send(l,w)}catch(z){if(s<2)w(-1,z);else\,2
throw,2
Sub,2
body,2
copied,2
\g[b=a+"\.run"\]&&g[b].stop&&h(this,g,b);for(b=e.length;b--;)e[b].elem===this&&(a==null||e[b].queue===a)&&(d?e[b](!0):e[b].saveState(),c=!0,e.splice(b,1));(!d||!c)&&f.dequeue(this,a)})}}),f.each({slideDown:ct("\show"\,1),slideUp:ct("\hide"\,1),slideToggle:ct("\toggle"\,1),fadeIn:{opacity:"\show"\},fadeOut:{opacity:"\hide"\},fadeToggle:{opacity:"\toggle"\}},function(a,b){f.fn[a]=function(a,c,d){return\,2
\cj={},ck,cl,cm=/^(?:toggle|show|hide)$/,cn=/^([+\-]=)?([\d+.\-]+)([a-z%]*)$/i,co,cp=[["\height"\,"\marginTop"\,"\marginBottom"\,"\paddingTop"\,"\paddingBottom"\],["\width"\,"\marginLeft"\,"\marginRight"\,"\paddingLeft"\,"\paddingRight"\],["\opacity"\]],cq;f.fn.extend({show:function(a,b,c){var\,2
enterprises`.`product-company`,2
Again,2
\107,\,2
http://docs.jquery.com/UI/Effects/,2
\("\+file.getFileSize()+"\\,2
v2.51,2
init,2
Floated,2
updating,2
FILTERING,2
//Fetch,2
white,2
'qwert,2
\a})}}),f.each(["\Left"\,"\Top"\],function(a,c){var\,2
proto-aculous,2
\b=a.offsetTop,c=a.offsetLeft;f.offset.initialize(),f.offset.doesNotIncludeMarginInBodyOffset&&(b+=parseFloat(f.css(a,"\marginTop"\))||0,c+=parseFloat(f.css(a,"\marginLeft"\))||0);return{top:b,left:c}},setOffset:function(a,b,c){var\,2
http://sizzlejs.com/,2
\k){l=k.expand(a[g]),delete\,2
Mobile,2
syntax,2
\"\+mobile+"\\,2
\6,\,2
\e,g;if(c===b){e=this[0];if(!e)return\,2
<div,2
Sun,2
outside,2
various,2
\,bL=/\?/,bM=/<script\b[^<]*(?:(?!<\/script>)<[^<]*)*<\/script>/gi,bN=/^(?:select|textarea)/i,bO=/\s+/,bP=/([?&])_=[^&]*/,bQ=/^([\w\+\.\-]+:)(?:\/\/([^\/?#:]*)(?::(\d+))?)?/,bR=f.fn.load,bS={},bT={},bU,bV,bW=["\*/"\]+["\*"\];try{bU=e.href}catch(bX){bU=c.createElement("\a"\),bU.href="\"\,bU=bU.href}bV=bQ.exec(bU.toLowerCase())||[],f.fn.extend({load:function(a,c,d){if(typeof\,2
relative,2
Connectiong,2
keyboardAction,2
\f.fx(this,b,i),h=a[i],cm.test(h)?(q=f._data(this,"\toggle"\+i)||(h==="\toggle"\?d?"\show"\:"\hide"\:0),q?(f._data(this,"\toggle"\+i,q==="\show"\?"\hide"\:"\show"\),j[q]()):j[h]()):(m=cn.exec(h),n=j.cur(),m?(o=parseFloat(m[2]),p=m[3]||(f.cssNumber[i]?"\"\:"\px"\),p!=="\px"\&&(f.style(this,i,(o||1)+p),n=(o||1)/j.cur()*n,f.style(this,i,n+p)),m[1]&&(o=(m[1]==="\-="\?-1:1)*o+n),j.custom(n,o,p)):j.custom(n,h,"\"\));return!0}var\,2
});,2
alert(data);,2
Requires:,2
\:"\\,2
\e.queue===!1?this.each(g):this.queue(e.queue,g)},stop:function(a,c,d){typeof\,2
l)i,2
\'dcdcdcdcdcdcdcdcdcdcdcdcdcdcdcdcdcdcdcdcdcdcdcdcdcdcdcdcdcdcdcdcdcdcdcdcdcdcdcdcdcdcdcdcdcdcdcdcdcdcdcdcdcdcdcdcdcdcdcdcdcdcdcdcdcdcdcdcdcdcdcdcdcdcdcdcdcdcdcdcdcdcdcdcdcdcdcdcdcdcdcdcdcdcdcdcdcdcdcdcdcdcdcdcdcdcdcdcdcdcdcdcdcdcdcdcdcdcdcdcdcdcdcdcdcdcdcdcdcdcdcdcdcdcdcdcdcdcdcdc',\,2
HTML,2
Scott,2
can,2
\request.getParameter("\pid"\);\,2
'Ayinga,2
lower,2
commercial,2
\c=this[0],d=c&&c.ownerDocument;if(!d)return\,2
Use,2
updateDetails,2
\'456',\,2
\a,b=f.timers,c=0;for(;c<b.length;c++)a=b[c],!a()&&b[c]===a&&b.splice(c--,1);b.length||f.fx.stop()},interval:13,stop:function(){clearInterval(co),co=null},speeds:{slow:600,fast:200,_default:400},step:{opacity:function(a){f.style(a.elem,"\opacity"\,a.now)},_default:function(a){a.elem.style&&a.elem.style[a.prop]!=null?a.elem.style[a.prop]=a.now+a.unit:a.elem[a.prop]=a.now}}}),f.each(cp.concat.apply([],cp),function(a,b){b.indexOf("\margin"\)&&(f.fx.step[b]=function(a){f.style(a.elem,b,Math.max(0,a.now)+a.unit)})}),f.expr&&f.expr.filters&&(f.expr.filters.animated=function(a){return\,2
`Spacing,2
projects,2
\b?b.style?parseFloat(f.css(b,c,a?"\margin"\:"\border"\)):this[c]():null},f.fn[c]=function(a){return\,2
(halfbyte,2
Plugin,2
ajax.googleapis.com/ajax';,2
\Math.max(e.documentElement["\client"\+c],e.body["\scroll"\+c],e.documentElement["\scroll"\+c],e.body["\offset"\+c],e.documentElement["\offset"\+c]);if(a===b){var\,2
Dhakar,2
.checkbox,2
\information,\,2
worth,2
\d.join("\&"\).replace(bE,"\+"\)}}),f.extend({active:0,lastModified:{},etag:{}});var\,2
Scroll,2
(arty.name),2
\ideas,\,2
\i.animatedProperties)f.style(h,b,i.orig[b]),f.removeData(h,"\fxshow"\+b,!0),f.removeData(h,"\toggle"\+b,!0);d=i.complete,d&&(i.complete=!1,d.call(h))}return!1}i.duration==Infinity?this.now=e:(c=e-this.startTime,this.state=c/i.duration,this.pos=f.easing[i.animatedProperties[this.prop]](this.state,c,0,1,i.duration),this.now=this.start+(this.end-this.start)*this.pos),this.update();return!0}},f.extend(f.fx,{tick:function(){var\,2
`Clear,2
LICENSE,2
2.5,2
\c==null?null:f.isArray(c)?f.map(c,function(a,c){return{name:b.name,value:a.replace(bE,"\\r\n"\)}}):{name:b.name,value:c.replace(bE,"\\r\n"\)}}).get()}}),f.each("\ajaxStart\,2
\out.print("\Equals\,2
reserved,2
//Insert,2
h?c,2
f.offset.bodyOffset(b);try{c=b.getBoundingClientRect()}catch(d){}var,2
\this.css(d,typeof\,2
changeImage,2
Movie,2
true;,2
closing,2
Explicitly,2
content,2
overrides,2
specifically,2
'Action-Adventure-Game',2
productBean.getName(),2
b?a[c]=b[c]:c,2
\b.data=="\string"\&&/^application\/x\-www\-form\-urlencoded/.test(b.contentType);if(b.dataTypes[0]==="\jsonp"\||b.jsonp!==!1&&(cd.test(b.url)||e&&cd.test(b.data))){var\,2
Push,2
\id="\leftside"\\,2
\"\+file.getContentType()+"\<br/>\,2
\this[0]?parseFloat(f.css(this[0],d,"\padding"\)):null},f.fn["\outer"\+c]=function(a){return\,2
\this.bind(b,a)}}),f.each(["\get"\,"\post"\],function(a,c){f[c]=function(a,d,e,g){f.isFunction(d)&&(g=g||e,e=d,d=b);return\,2
\f)?f(e):f.event,h=f.Deferred(),i=f._Deferred(),j=d.statusCode||{},k,l={},m={},n,o,p,q,r,s=0,t,u,v={readyState:0,setRequestHeader:function(a,b){if(!s){var\,2
<ul,2
\'5',\,2
items,2
attribution,2
5.5.24,1
while(two_halfs++,1
c.listItemsOfCart();,1
\qty,\,1
(quantity,1
request.getSession();,1
this.prices.remove(index);,1
2013,1
md;,1
Match,1
('0',1
update,1
Because,1
resides,1
colons,1
SAME,1
Version:,1
user-deails,1
\out.println("\SQL\,1
b=m.matches();,1
\"\http://localhost/uploadProductFile/"\\,1
byte[],1
2:,1
NEW,1
`shippers_email`,1
java.security.MessageDigest;,1
order_id);,1
}while,1
db,1
REDIRECT,1
\05,\,1
theres,1
logged,1
SHA1(String,1
9)),1
\System.out.println("\Sum\,1
sum);,1
buf,1
\now!"\);\,1
\out.println("\Class\,1
contains,1
PHP,1
\"\qty"\\,1
m=p.matcher(args[0]);,1
Enter,1
messageDetail,1
(:),1
LATEST,1
Det,1
\out.println("\wrong\,1
\MessageDigest.getInstance("\SHA-1"\);\,1
'\''){,1
CHARACTER_SET_CLIENT=@OLD_CHARACTER_SET_CLIENT,1
*******,1
localhost,1
utf8,1
sorry,1
text),1
email){,1
\"\+username+"\\,1
given,1
\response.sendRedirect("\/saikiranBookstoreApp/admin_settings.jsp"\);\,1
Contains,1
`company-id`,1
\"\+gender+"\\,1
APPROVAL,1
regular,1
3:,1
(Store,1
name),1
resultset,1
Time:,1
UnsupportedEncodingException,1
//where,1
names,1
Starting,1
COLLATION_CONNECTION=@OLD_COLLATION_CONNECTION,1
recently,1
AM,1
wish,1
inside,1
User;,1
\in"\);\,1
two_halfs,1
produt,1
isValidEmail(String,1
\names,\,1
//Update,1
GETS,1
convertToHex(sha1hash);,1
Cart.getTotalPriceOfCart());,1
nto,1
\request.setAttribute("\messageDetail"\,\,1
\0,\,1
RES,1
(this.id.contains(productId)),1
Database:,1
pass,1
\session.getAttribute("\user"\);\,1
version,1
1);,1
\"\+age+"\\,1
\NoSuchAlgorithmException,\,1
FOR,1
>>>,1
this.qty.get(index);,1
md,1
//System.out.print(arr[i]);,1
BACK,1
i=0;i<productName.size();i++){,1
Register,1
decrement,1
//Matcher,1
\hex,\,1
//this.id.indexOf(productId);,1
this.productName.remove(index);,1
(Exception,1
*qty,1
\updted"\);\,1
had,1
go,1
e),1
hold,1
Cart;,1
(data[i],1
CHARACTER_SET_RESULTS=@OLD_CHARACTER_SET_RESULTS,1
Dump,1
concatinate,1
getServletContext().getRequestDispatcher(url);,1
PrintWriter,1
\"\+productName);\,1
How,1
\"\res"\\,1
current,1
\Removed!!"\);\,1
\//response.sendRedirect("\/MyCartApplication/"\);\,1
ONES,1
Generation,1
`total_order_price``,1
07:53,1
\request.getParameter("\productName"\);\,1
\p=Pattern.compile("\[a-zA-Z]*[0-9]*@[a-zA-Z]*\\.[a-zA-Z]*"\);\,1
FILLED,1
ex1);,1
INSERTION,1
(cart),1
what,1
messageDetail);,1
GETTING,1
\session.getAttribute("\cart"\);\,1
c.getTotalPriceOfCart();,1
(Qty),1
\"\An\,1
\continue?"\);\,1
\response);//processRequest(request,\,1
@OLD_CHARACTER_SET_CLIENT=@@CHARACTER_SET_CLIENT,1
check,1
<br>discountedPrice,1
\arraylist,\,1
\execution..."\);\,1
INDFORMATION,1
\Price"\);\,1
\"\We\,1
FRESHLY,1
i++),1
\time,"\;\,1
inserted,1
productID,1
\login"\;\,1
data[i],1
convertToHex(byte[],1
\"\gffdgfgvgedfrggfdre\,1
IF,1
//Is,1
Pattern,1
halfbyte));,1
http://www.phpmyadmin.net,1
halfbyte),1
\'changeMyPassword.jsp'>Change</a>"\);\,1
FINALLY,1
Product-name,1
recent,1
ENTRIES,1
(user),1
AN,1
href,1
mtches,1
enterprises`,1
Do,1
StringBuffer();,1
LIST,1
u,1
\out.print("\You\,1
AeSimpleSHA1,1
data.length;,1
DATABASE,1
(Product,1
\request.getParameter("\discountedPrice"\);\,1
retrieve,1
out.print(company,1
('a',1
onr,1
java.security.NoSuchAlgorithmException;,1
Found,1
buf.toString();,1
//remove,1
\out.println("\Not\,1
\!(session.getAttribute("\cart"\)\,1
\(choice.equals("\1"\));\,1
@OLD_COLLATION_CONNECTION=@@COLLATION_CONNECTION,1
m=p.matcher(email);,1
ELSE,1
this.qty.remove(index);,1
getters,1
@OLD_CHARACTER_SET_RESULTS=@@CHARACTER_SET_RESULTS,1
10)));,1
(Item),1
SERVLET,1
ABOUT,1
Transaction,1
`subcategory_id`,1
Server,1
'Books',1
((0,1
pass);,1
login,1
Of,1
it),1
Cart.getTotalPriceOfCart(),1
\removed!!"\);\,1
\md.update(text.getBytes("\iso-8859-1"\),\,1
things,1
HttpSession,1
phpMyAdmin,1
(arr[i],1
message);,1
TH,1
(SQLException,1
many,1
(Cart.removeProduct(intId)){,1
FETCH,1
\System.out.print("\\\"\);\,1
inserti,1
multiplied,1
null)),1
break,1
(ClassNotFoundException,1
true,1
5.3.10-1ubuntu3.2,1
1;,1
result;,1
throws,1
md.digest();,1
after,1
Matcher,1
Inserted,1
choice,1
function,1
'100',1
-=,1
iD,1
only,1
\response.setContentType("\text/html;charset=UTF-8"\);\,1
\"\+address+"\\,1
Problem,1
Here,1
Feb,1
FOLLOWING,1
if(b==true),1
FRESH,1
Cart,1
matches,1
TASKS,1
\System.out.print("\"\);\,1
3.4.10.1deb1,1
INFO,1
version:,1
INFORMATION,1
false,1
\request.setAttribute("\message"\,\,1
java.io.UnsupportedEncodingException;,1
this.productCategory.remove(index);,1
`mobile`,1
multiply,1
corresponding,1
arr.length;,1
WITH,1
class,1
\response.sendRedirect("\/MyCartApplication/index.jsp"\);\,1
this.id.remove(index);,1
productName,1
Error,1
NAMES,1
\(!(session.getAttribute("\user"\)\,1
private,1
GOT,1
\"\ids"\\,1
sc.next();,1
MessageDigest,1
DONE,1
text.length());,1
Not,1
DOING,1
please,1
Matched,1
StringBuffer,1
expression,1
data),1
response.getWriter();,1
Host:,1
<a,1
validation,1
\System.out.println("\"\+productName.get(i));\,1
\out.println("\email\,1
LOGGED,1
dispacher,1
step,1
\System.out.println("\"\+prices.get(i));\,1
byte[40];,1
colon,1
\this.qty.set(index,\,1
further,1
4),1
BUY,1
Change,1
STEP,1
productName+,1
quantity);,1
\'"\+subcategory.get(i)+"\'\,1
\System.out.println("\Do\,1
->,1
1:,1
\//out.println("\\,1
extremely,1
out.print(companyName,1
Validate,1
updated,1
i=0;i<prices.size();i++){,1
